,Id,LotArea,BsmtFullBath,BsmtHalfBath,FullBath,HalfBath,BedroomAbvGr,GarageArea,SalesPricePredicated
0,1461,11622,0,0,1,0,2,730.0,112607
1,1462,14267,0,0,1,1,3,312.0,145551
2,1463,13830,0,0,2,1,3,482.0,224696
3,1464,9978,0,0,2,1,3,470.0,219827
4,1465,5005,0,0,2,0,2,506.0,183941
5,1466,10000,0,0,2,1,3,440.0,219855
6,1467,7980,1,0,2,0,3,420.0,217866
7,1468,8402,0,0,2,1,3,393.0,217835
8,1469,10176,1,0,1,1,2,506.0,184101
9,1470,8400,1,0,1,0,2,525.0,145477
10,1471,5858,1,0,2,0,2,511.0,221961
11,1472,1680,0,0,1,1,2,264.0,136420
12,1473,1680,0,0,1,1,3,320.0,129643
13,1474,2280,0,0,2,1,3,440.0,210098
14,1475,2280,0,0,1,0,2,308.0,100800
15,1476,12858,0,0,2,1,3,751.0,223467
16,1477,12883,0,0,2,0,3,868.0,187120
17,1478,11520,0,0,2,0,3,730.0,185397
18,1479,14122,0,0,2,0,3,678.0,188686
19,1480,14300,1,0,2,1,3,958.0,262232
20,1481,13650,1,0,2,1,3,756.0,261411
21,1482,7132,0,0,2,0,2,484.0,186629
22,1483,18494,0,0,2,0,3,430.0,194211
23,1484,3203,0,0,2,0,2,437.0,181663
24,1485,13300,1,0,2,1,3,400.0,260969
25,1486,8577,0,0,2,1,3,433.0,218056
26,1487,17433,0,0,2,1,4,962.0,222472
27,1488,8987,0,0,2,0,2,880.0,188973
28,1489,9215,0,0,2,0,2,676.0,189261
29,1490,10440,1,0,2,0,2,528.0,227752
30,1491,11920,0,0,2,1,3,484.0,222282
31,1492,9800,0,0,1,0,2,429.0,110304
32,1493,15410,1,0,2,0,3,461.0,227256
33,1494,13143,1,0,2,1,4,762.0,253993
34,1495,11134,1,0,2,1,4,713.0,251453
35,1496,4835,1,0,2,0,2,506.0,220669
36,1497,3515,0,0,2,1,2,588.0,218436
37,1498,3215,0,0,2,1,2,480.0,218057
38,1499,2544,1,0,2,1,2,480.0,254152
39,1500,2544,1,0,2,1,2,480.0,254152
40,1501,2980,1,0,2,1,2,440.0,254703
41,1502,2403,0,0,2,1,2,496.0,217031
42,1503,12853,1,0,1,1,1,852.0,194262
43,1504,7379,1,0,2,1,3,592.0,253485
44,1505,8000,1,0,2,0,3,596.0,217891
45,1506,10456,1,0,2,0,4,535.0,214218
46,1507,10791,1,0,2,1,4,660.0,251020
47,1508,18837,0,1,3,0,3,678.0,290123
48,1509,9600,0,0,1,2,4,441.0,169254
49,1510,9600,1,0,1,1,3,490.0,176595
50,1511,9900,1,0,1,0,3,504.0,140596
51,1512,9680,1,0,2,0,3,517.0,220014
52,1513,10600,0,0,2,0,3,480.0,184234
53,1514,13260,2,0,2,0,6,0.0,241149
54,1515,9724,0,0,2,0,3,400.0,183127
55,1516,17360,0,0,2,0,3,470.0,192778
56,1517,11380,1,0,1,0,2,315.0,149244
57,1518,8267,0,0,2,0,4,576.0,174508
58,1519,8197,1,0,2,0,3,620.0,218140
59,1520,8050,1,0,1,0,3,308.0,138257
60,1521,10725,0,0,1,0,3,312.0,104695
61,1522,10032,1,0,1,1,3,440.0,177141
62,1523,8382,0,0,1,0,3,263.0,101734
63,1524,10950,0,1,1,0,2,318.0,127539
64,1525,10895,0,0,1,0,3,305.0,104910
65,1526,13587,1,0,1,0,2,264.0,152033
66,1527,7898,0,1,1,0,2,676.0,123682
67,1528,8064,1,0,1,0,3,280.0,138275
68,1529,7635,0,0,1,1,3,484.0,137169
69,1530,9760,1,0,1,0,2,440.0,147196
70,1531,4800,1,0,1,0,3,240.0,134150
71,1532,4485,1,0,1,0,2,0.0,140529
72,1533,5805,1,1,1,0,3,551.0,151202
73,1534,6900,0,0,1,0,3,240.0,99861
74,1535,11851,0,0,1,0,3,240.0,106118
75,1536,8239,0,0,1,0,3,315.0,101553
76,1537,9656,0,0,1,0,2,780.0,110122
77,1538,9600,0,0,2,0,3,288.0,182970
78,1539,9000,0,0,3,0,3,624.0,261909
79,1540,9045,0,0,2,0,4,0.0,175491
80,1541,10560,0,0,1,1,2,624.0,147643
81,1542,5830,0,0,1,1,3,363.0,134888
82,1543,7793,0,0,1,1,3,315.0,137369
83,1544,5000,1,0,1,0,2,200.0,141180
84,1545,6000,1,0,1,0,2,240.0,142444
85,1546,6000,0,1,1,1,3,576.0,150884
86,1547,6360,0,0,1,1,3,240.0,135558
87,1548,6000,0,0,1,1,3,312.0,135103
88,1549,6240,0,0,1,0,2,624.0,105805
89,1550,6240,0,0,2,0,4,480.0,171946
90,1551,6120,1,0,1,0,2,288.0,142596
91,1552,8094,0,0,1,1,4,572.0,130972
92,1553,12900,0,0,1,1,3,0.0,143823
93,1554,3068,0,1,1,0,3,180.0,110800
94,1555,15263,0,0,2,0,3,365.0,190128
95,1556,10632,0,0,1,1,3,180.0,140957
96,1557,9900,1,0,1,0,3,0.0,140596
97,1558,6001,0,0,1,0,3,231.0,98725
98,1559,6449,0,0,1,1,4,0.0,128893
99,1560,6048,1,0,2,0,2,450.0,222202
100,1561,10773,2,0,2,0,4,0.0,251561
101,1562,7800,1,0,1,0,3,416.0,137941
102,1563,7832,1,0,1,0,2,280.0,144759
103,1564,7424,1,0,1,0,3,591.0,137466
104,1565,11227,0,0,1,1,4,480.0,134931
105,1566,20062,1,0,1,1,1,690.0,203373
106,1567,9259,0,0,1,0,2,440.0,109620
107,1568,17082,1,0,2,1,4,522.0,258971
108,1569,18600,0,1,2,0,4,480.0,203349
109,1570,11479,1,0,1,0,3,467.0,142591
110,1571,9350,0,0,1,0,3,209.0,102958
111,1572,9525,1,0,1,0,3,366.0,140122
112,1573,17485,1,0,1,0,1,572.0,163737
113,1574,11200,0,0,2,0,3,504.0,184993
114,1575,11980,1,0,1,1,1,528.0,193158
115,1576,12361,0,1,2,1,3,1017.0,238620
116,1577,7360,0,0,2,0,2,615.0,186917
117,1578,14235,0,0,2,0,3,484.0,188828
118,1579,11105,1,0,1,0,2,580.0,148896
119,1580,9337,0,0,2,1,3,513.0,219017
120,1581,15240,1,0,1,1,3,308.0,183724
121,1582,7480,1,0,1,0,3,484.0,137537
122,1583,10389,1,0,2,1,3,850.0,257289
123,1584,9375,0,0,2,1,4,621.0,212287
124,1585,4435,1,0,1,0,1,420.0,147244
125,1586,8777,0,0,1,0,2,240.0,109011
126,1587,8842,0,0,1,0,3,319.0,102316
127,1588,10044,1,0,1,0,3,336.0,140778
128,1589,11792,0,0,1,0,2,480.0,112821
129,1590,6305,1,0,1,0,3,352.0,136052
130,1591,6410,0,0,1,0,3,0.0,99242
131,1592,4853,0,0,2,0,2,260.0,183748
132,1593,7890,1,0,1,0,2,399.0,144833
133,1594,7200,0,0,3,0,6,0.0,239301
134,1595,9839,1,0,1,0,3,0.0,140518
135,1596,10452,1,0,1,1,4,312.0,170895
136,1597,15600,0,0,2,1,5,484.0,213377
137,1598,19645,1,0,2,1,3,473.0,268988
138,1599,3907,1,0,1,0,1,598.0,146576
139,1600,3907,0,0,2,0,2,531.0,182553
140,1601,8154,0,0,1,0,1,200.0,115001
141,1602,9140,0,0,1,0,2,625.0,109470
142,1603,8712,0,0,1,0,3,330.0,102151
143,1604,3811,1,1,2,0,2,525.0,235156
144,1605,11050,1,0,2,1,3,741.0,258125
145,1606,9620,0,1,2,0,3,473.0,198777
146,1607,12760,0,0,3,0,5,776.0,253106
147,1608,11896,1,0,2,0,3,660.0,222815
148,1609,9803,0,0,2,0,2,520.0,190005
149,1610,9802,0,0,2,1,3,400.0,219605
150,1611,15300,1,0,1,0,2,528.0,154198
151,1612,10114,0,0,2,0,3,624.0,183620
152,1613,11875,0,0,2,0,3,686.0,185846
153,1614,2394,1,1,1,0,2,253.0,153668
154,1615,1476,0,0,1,1,3,0.0,129385
155,1616,1900,0,0,1,1,3,0.0,129921
156,1617,1890,0,0,1,1,3,286.0,129908
157,1618,6953,0,0,1,0,3,352.0,99928
158,1619,12887,1,0,1,0,2,495.0,151148
159,1620,7700,0,0,4,2,4,616.0,405943
160,1621,10475,0,0,1,1,3,576.0,140758
161,1622,10544,0,0,2,0,5,275.0,170608
162,1623,9892,1,1,2,1,3,482.0,272443
163,1624,12961,1,0,2,1,3,616.0,260540
164,1625,13008,0,0,1,0,2,502.0,114358
165,1626,10200,1,0,2,0,4,528.0,213894
166,1627,10179,0,0,2,1,3,470.0,220081
167,1628,11792,0,0,2,1,4,632.0,215342
168,1629,8400,0,0,2,1,3,390.0,217833
169,1630,7296,1,0,2,0,1,564.0,230556
170,1631,7380,1,0,2,0,2,495.0,223885
171,1632,8013,1,0,2,0,2,528.0,224685
172,1633,8923,0,0,2,1,3,396.0,218494
173,1634,7500,1,0,2,1,3,440.0,253638
174,1635,8803,1,0,2,1,3,409.0,255285
175,1636,7250,0,0,2,0,3,430.0,180000
176,1637,11900,1,0,2,1,3,567.0,259199
177,1638,13250,0,0,2,1,4,529.0,217185
178,1639,10928,0,0,2,0,3,484.0,184649
179,1640,12388,0,0,2,1,4,441.0,216095
180,1641,11088,0,0,2,0,3,479.0,184851
181,1642,7000,1,0,2,1,3,581.0,253006
182,1643,7500,0,0,2,1,3,588.0,216695
183,1644,8470,0,0,2,1,3,565.0,217921
184,1645,9373,1,0,2,0,3,478.0,219626
185,1646,10140,1,0,2,0,3,528.0,220596
186,1647,11050,0,0,2,0,3,506.0,184803
187,1648,7830,0,0,1,1,2,477.0,144193
188,1649,8510,1,0,1,1,3,336.0,175218
189,1650,7038,1,0,1,0,3,576.0,136978
190,1651,9000,0,0,1,0,3,576.0,102515
191,1652,1680,1,0,1,1,2,264.0,173363
192,1653,1680,1,0,1,1,2,288.0,173363
193,1654,2308,0,0,2,1,3,440.0,210133
194,1655,2280,0,1,2,0,2,440.0,196278
195,1656,2349,0,0,2,1,3,440.0,210185
196,1657,2364,0,1,2,1,3,440.0,225986
197,1658,2364,0,0,2,1,3,440.0,210204
198,1659,2104,0,1,1,0,2,345.0,116359
199,1660,10710,0,1,1,0,3,656.0,120458
200,1661,14257,1,0,3,1,4,754.0,335097
201,1662,12350,1,0,2,1,3,864.0,259768
202,1663,12350,1,0,2,0,3,896.0,223389
203,1664,13693,2,0,2,1,2,762.0,305186
204,1665,11578,0,0,2,0,3,834.0,185470
205,1666,16870,1,0,2,0,3,932.0,229101
206,1667,23303,1,0,2,1,5,640.0,260056
207,1668,10367,1,0,2,0,3,927.0,220883
208,1669,10872,1,0,2,0,2,700.0,228298
209,1670,13514,1,0,2,0,3,850.0,224860
210,1671,12878,1,0,2,0,3,583.0,224056
211,1672,15274,2,0,2,0,3,886.0,264027
212,1673,13262,0,0,3,1,4,730.0,296897
213,1674,9658,0,0,2,0,3,871.0,183044
214,1675,6904,0,0,2,0,2,484.0,186341
215,1676,5122,1,0,2,0,1,624.0,227809
216,1677,10307,1,0,2,0,2,484.0,227584
217,1678,14836,1,0,2,1,2,949.0,269687
218,1679,15262,1,0,2,1,3,685.0,263448
219,1680,7390,1,0,2,0,2,649.0,223898
220,1681,6472,0,0,2,0,2,539.0,185795
221,1682,16770,1,0,2,0,3,701.0,228975
222,1683,3480,0,0,2,0,2,478.0,182013
223,1684,10928,0,0,2,1,3,390.0,221028
224,1685,8918,0,0,2,1,3,392.0,218487
225,1686,3182,0,0,2,0,2,397.0,181637
226,1687,9434,0,0,2,1,3,400.0,219140
227,1688,7984,0,0,2,1,3,436.0,217307
228,1689,10125,0,0,2,1,3,434.0,220013
229,1690,8965,1,0,2,1,3,400.0,255490
230,1691,8174,1,0,2,1,3,393.0,254490
231,1692,12891,1,0,2,1,4,644.0,253674
232,1693,9734,0,0,2,1,3,400.0,219519
233,1694,8433,1,0,2,1,3,394.0,254817
234,1695,7750,0,0,2,1,3,400.0,217011
235,1696,15896,1,0,2,1,4,658.0,257472
236,1697,7848,0,0,2,1,3,410.0,217135
237,1698,12720,1,0,2,1,4,810.0,253458
238,1699,10750,1,0,2,0,3,815.0,221367
239,1700,9085,1,0,2,1,3,647.0,255641
240,1701,11692,1,0,2,1,3,623.0,258936
241,1702,11194,0,0,2,0,3,972.0,184985
242,1703,10206,0,0,2,1,3,726.0,220115
243,1704,10130,1,0,2,0,3,844.0,220583
244,1705,9139,0,0,2,0,3,492.0,182388
245,1706,11128,1,0,2,0,2,795.0,228622
246,1707,7993,0,0,2,0,3,529.0,180939
247,1708,8640,0,0,2,0,3,625.0,181757
248,1709,12606,0,0,2,0,3,984.0,186770
249,1710,7500,0,0,2,0,2,692.0,187094
250,1711,10603,1,0,2,1,3,782.0,257560
251,1712,8125,0,0,2,0,3,517.0,181106
252,1713,10625,1,0,2,0,3,711.0,221209
253,1714,8736,1,0,2,0,3,588.0,218821
254,1715,8127,1,0,2,1,3,628.0,254431
255,1716,9605,0,0,1,1,3,576.0,139659
256,1717,7500,1,0,1,1,3,484.0,173941
257,1718,7500,0,0,1,1,3,0.0,136998
258,1719,10628,0,0,2,1,3,478.0,220649
259,1720,10141,0,0,2,0,3,845.0,183654
260,1721,13072,0,0,1,1,3,576.0,144041
261,1722,13072,0,0,1,1,3,0.0,144041
262,1723,12450,1,0,2,0,3,576.0,223515
263,1724,7328,0,0,2,0,2,788.0,186876
264,1725,11492,1,0,2,1,4,559.0,251906
265,1726,7703,0,0,2,1,3,528.0,216952
266,1727,7175,0,0,2,0,2,542.0,186683
267,1728,9109,1,0,2,1,3,495.0,255672
268,1729,10274,0,0,2,1,3,465.0,220201
269,1730,8250,0,0,2,0,4,612.0,174487
270,1731,9750,1,0,1,0,3,400.0,140406
271,1732,8499,1,0,1,0,3,732.0,138825
272,1733,9079,0,0,1,0,2,440.0,109393
273,1734,9316,0,0,2,0,3,288.0,182611
274,1735,7791,1,0,1,0,3,300.0,137930
275,1736,7150,0,1,1,0,3,252.0,115959
276,1737,15676,1,0,2,0,2,864.0,234370
277,1738,11949,0,1,2,1,3,524.0,238100
278,1739,2880,0,0,2,1,3,704.0,210856
279,1740,3830,0,0,2,1,2,561.0,218835
280,1741,4217,1,0,1,1,1,641.0,183347
281,1742,2998,1,0,2,1,2,440.0,254726
282,1743,3768,1,0,2,1,3,506.0,248921
283,1744,14694,1,0,2,0,2,642.0,233129
284,1745,15417,0,0,1,1,2,540.0,153782
285,1746,9600,0,0,2,1,4,527.0,212572
286,1747,12732,0,0,2,1,3,784.0,223308
287,1748,10400,0,0,2,1,5,515.0,206805
288,1749,9600,0,1,2,0,3,502.0,198752
289,1750,9000,1,0,1,0,3,336.0,139458
290,1751,13774,0,0,1,2,4,520.0,174529
291,1752,7130,0,1,1,0,2,312.0,122711
292,1753,9600,0,0,1,1,3,440.0,139653
293,1754,9600,0,1,2,1,4,498.0,228353
294,1755,16500,0,1,2,0,3,495.0,207473
295,1756,7436,1,0,1,0,2,396.0,144259
296,1757,8125,0,0,1,0,3,308.0,101409
297,1758,9450,1,0,1,0,3,768.0,140027
298,1759,13495,1,0,2,0,3,576.0,224836
299,1760,9350,1,0,1,1,3,610.0,176279
300,1761,10500,1,0,1,1,3,520.0,177733
301,1762,8970,0,0,2,1,4,549.0,211776
302,1763,11475,1,0,1,0,4,368.0,135809
303,1764,9768,1,0,1,0,2,330.0,147206
304,1765,9900,1,0,1,0,2,550.0,147373
305,1766,10573,1,0,2,0,3,530.0,221143
306,1767,14695,1,0,2,0,2,542.0,233130
307,1768,8760,1,0,1,0,3,286.0,139155
308,1769,12285,0,0,1,1,3,441.0,143046
309,1770,9240,1,0,2,0,3,297.0,219458
310,1771,8750,0,1,1,0,3,304.0,117981
311,1772,8750,0,1,1,0,3,350.0,117981
312,1773,10400,1,0,1,0,3,294.0,141227
313,1774,9482,0,0,2,0,4,495.0,176044
314,1775,8128,1,0,1,0,3,297.0,138356
315,1776,13070,0,0,1,0,2,480.0,114437
316,1777,8480,1,0,1,0,2,240.0,145578
317,1778,7626,1,0,1,0,2,230.0,144499
318,1779,9533,0,0,1,1,2,616.0,146345
319,1780,11419,1,0,1,1,3,410.0,178894
320,1781,9600,0,0,1,0,3,246.0,103274
321,1782,5470,0,0,1,0,2,366.0,104831
322,1783,10800,0,1,2,0,4,720.0,193491
323,1784,8146,0,0,1,0,2,281.0,108213
324,1785,10230,0,0,1,0,3,264.0,104070
325,1786,10410,0,0,2,0,3,528.0,183994
326,1787,7200,0,0,2,0,4,624.0,173160
327,1788,5400,1,0,1,0,2,0.0,141686
328,1789,10800,0,0,1,0,2,576.0,111568
329,1790,10800,0,0,1,1,1,320.0,154724
330,1791,9671,0,0,2,2,6,907.0,235486
331,1792,10143,0,0,1,1,3,364.0,140339
332,1793,11500,1,0,1,0,3,480.0,142618
333,1794,8010,1,0,1,0,2,480.0,144984
334,1795,10454,0,0,1,0,3,308.0,104353
335,1796,9000,0,0,1,0,2,384.0,109293
336,1797,8064,0,0,1,0,3,900.0,101332
337,1798,7350,0,0,1,0,3,294.0,100430
338,1799,7200,1,0,1,0,2,240.0,143961
339,1800,8000,1,0,1,0,3,288.0,138194
340,1801,10800,0,0,2,0,4,384.0,177709
341,1802,8064,0,0,1,0,3,576.0,101332
342,1803,7570,0,0,1,1,4,483.0,130309
343,1804,8604,1,0,1,0,2,564.0,145735
344,1805,7936,1,0,1,0,3,264.0,138113
345,1806,4080,0,0,1,0,3,162.0,96297
346,1807,10307,1,0,2,0,4,324.0,214029
347,1808,15660,0,0,1,1,3,472.0,147312
348,1809,9900,0,0,2,0,3,0.0,183350
349,1810,6406,0,0,1,1,3,400.0,135616
350,1811,7627,0,0,2,0,4,0.0,173699
351,1812,10134,0,0,1,0,3,0.0,103948
352,1813,6000,0,0,1,1,3,308.0,135103
353,1814,7404,0,0,1,0,2,288.0,107276
354,1815,5925,0,0,1,0,1,308.0,112184
355,1816,8520,0,0,1,0,2,287.0,108686
356,1817,9600,0,0,2,0,3,720.0,182970
357,1818,8400,0,0,2,0,3,357.0,181454
358,1819,3600,1,0,1,0,3,280.0,132633
359,1820,3300,0,0,1,0,2,0.0,102089
360,1821,5400,0,0,1,0,3,207.0,97965
361,1822,9720,0,0,1,0,4,640.0,96648
362,1823,9392,0,0,1,0,2,0.0,109788
363,1824,6615,0,0,1,0,3,216.0,99501
364,1825,4960,0,0,2,0,3,336.0,177106
365,1826,6000,0,0,1,0,3,320.0,98724
366,1827,6120,0,0,1,0,2,264.0,105653
367,1828,6120,0,0,2,0,3,250.0,178572
368,1829,8635,1,0,1,0,2,1184.0,145774
369,1830,8094,0,0,2,0,3,576.0,181067
370,1831,9928,0,0,2,0,3,216.0,183385
371,1832,3000,0,0,2,0,4,0.0,167851
372,1833,6876,1,0,2,0,4,316.0,209693
373,1834,5775,0,0,1,0,3,379.0,98439
374,1835,5852,0,0,2,1,6,0.0,194280
375,1836,5160,0,0,1,0,3,384.0,97662
376,1837,5160,1,0,1,0,1,0.0,148160
377,1838,10320,1,0,1,1,3,308.0,177505
378,1839,4280,0,1,1,0,2,220.0,119109
379,1840,10800,3,0,3,0,3,0.0,375012
380,1841,10547,2,0,2,0,2,252.0,264830
381,1842,9780,1,0,2,0,4,226.0,213363
382,1843,11625,0,0,1,1,3,668.0,142212
383,1844,8014,0,1,1,0,3,504.0,117051
384,1845,15400,0,0,2,0,4,384.0,183523
385,1846,15312,0,1,1,0,3,480.0,126274
386,1847,15584,0,1,1,1,4,336.0,156219
387,1848,9000,0,0,1,0,2,0.0,109293
388,1849,15635,0,0,1,0,2,498.0,117678
389,1850,9571,1,0,1,0,2,340.0,146957
390,1851,9350,0,0,1,1,3,240.0,139337
391,1852,7440,1,0,1,0,3,252.0,137486
392,1853,4235,1,0,2,0,2,266.0,219910
393,1854,10778,1,0,1,1,1,462.0,191639
394,1855,19255,0,0,1,1,2,576.0,158633
395,1856,10560,1,0,2,1,3,473.0,257506
396,1857,26400,0,0,1,0,4,576.0,117729
397,1858,7018,0,0,2,0,6,720.0,159374
398,1859,7018,0,0,2,0,4,400.0,172930
399,1860,7040,2,0,0,2,2,672.0,173762
400,1861,7007,0,0,2,0,4,400.0,172916
401,1862,11855,2,0,4,2,6,820.0,471525
402,1863,7939,2,0,4,2,6,820.0,466576
403,1864,7976,2,0,4,2,6,820.0,466623
404,1865,10933,1,0,1,1,1,1138.0,191835
405,1866,10816,1,0,2,0,3,846.0,221450
406,1867,9178,0,0,2,0,3,904.0,182437
407,1868,11422,1,0,2,0,3,524.0,222216
408,1869,6762,1,0,2,0,2,662.0,223104
409,1870,10324,1,0,2,0,2,810.0,227606
410,1871,11645,0,0,2,0,3,844.0,185555
411,1872,11646,0,0,2,1,3,440.0,221935
412,1873,16698,1,0,2,1,3,525.0,265263
413,1874,9757,1,0,1,0,3,440.0,140415
414,1875,14753,1,0,2,0,3,539.0,226426
415,1876,8750,1,0,2,1,3,492.0,255218
416,1877,10739,1,0,2,0,3,577.0,221353
417,1878,11166,0,0,2,0,3,608.0,184950
418,1879,16269,0,0,1,0,3,343.0,111702
419,1880,6950,1,0,1,0,2,444.0,143645
420,1881,11664,1,0,2,0,3,1231.0,222522
421,1882,12334,0,0,2,1,4,570.0,216027
422,1883,8749,0,0,2,1,3,550.0,218274
423,1884,11250,0,0,2,1,3,608.0,221435
424,1885,15750,1,0,2,0,2,521.0,234463
425,1886,12782,1,0,2,0,3,523.0,223935
426,1887,8750,1,0,2,0,3,511.0,218839
427,1888,10200,1,0,2,0,3,810.0,220672
428,1889,11069,0,0,2,1,3,440.0,221206
429,1890,10682,1,0,1,0,3,544.0,141584
430,1891,3675,1,0,1,0,2,525.0,139506
431,1892,6410,0,0,1,0,3,320.0,99242
432,1893,11767,1,0,1,0,3,195.0,142955
433,1894,10926,0,0,2,0,6,0.0,164314
434,1895,11767,0,0,1,0,2,313.0,112790
435,1896,8212,0,0,1,0,3,256.0,101519
436,1897,6300,0,0,1,1,3,250.0,135482
437,1898,5707,0,0,1,1,3,180.0,134732
438,1899,8574,0,0,1,0,3,440.0,101977
439,1900,7155,0,0,1,0,3,215.0,100183
440,1901,13680,1,0,1,1,2,440.0,188529
441,1902,14680,0,0,1,0,2,307.0,116471
442,1903,8145,0,0,2,1,5,400.0,203955
443,1904,9100,1,0,1,0,2,390.0,146362
444,1905,13339,1,0,2,0,3,463.0,224639
445,1906,15600,1,0,2,0,3,295.0,227496
446,1907,17500,1,0,1,1,3,576.0,186580
447,1908,1733,0,0,1,0,2,452.0,100108
448,1909,1488,1,0,1,1,2,462.0,173121
449,1910,1612,0,0,1,1,2,462.0,136334
450,1911,13607,1,0,2,1,3,501.0,261357
451,1912,17597,1,0,2,0,3,551.0,230020
452,1913,8660,0,0,2,0,5,576.0,168227
453,1914,10200,0,0,1,0,2,200.0,110809
454,1915,3843,1,1,2,0,2,482.0,235196
455,1916,21780,0,0,1,0,1,280.0,132222
456,1917,10125,0,0,2,1,3,642.0,220013
457,1918,9750,1,0,1,0,2,351.0,147184
458,1919,9360,1,0,1,1,2,541.0,183070
459,1920,11070,1,0,2,0,2,672.0,228549
460,1921,13438,1,0,2,0,3,780.0,224764
461,1922,14463,1,0,2,0,3,885.0,226059
462,1923,9839,0,0,2,1,3,440.0,219651
463,1924,14419,2,0,2,1,3,578.0,299326
464,1925,9157,0,0,2,1,3,486.0,218790
465,1926,12633,1,0,2,0,2,920.0,230524
466,1927,12518,0,0,1,0,3,384.0,106961
467,1928,13383,0,0,2,0,3,504.0,187752
468,1929,7689,0,1,1,0,2,336.0,123417
469,1930,7706,0,1,1,0,2,429.0,123439
470,1931,7669,1,0,1,0,2,698.0,144553
471,1932,10429,0,0,1,1,3,440.0,140700
472,1933,10457,0,0,1,1,4,898.0,133958
473,1934,8702,0,0,2,1,3,470.0,218214
474,1935,8139,0,0,2,1,3,420.0,217503
475,1936,9535,0,0,2,1,3,472.0,219267
476,1937,15038,0,0,2,1,3,386.0,226222
477,1938,14137,1,0,2,0,3,404.0,225647
478,1939,6264,1,0,1,1,1,528.0,185934
479,1940,5070,0,0,2,0,2,506.0,184023
480,1941,11184,0,0,2,1,3,460.0,221351
481,1942,14067,1,0,2,1,3,416.0,261938
482,1943,5950,1,0,2,0,2,462.0,222078
483,1944,13543,0,0,3,1,5,683.0,290475
484,1945,15401,1,0,2,0,2,670.0,234022
485,1946,31220,0,0,1,0,3,495.0,130598
486,1947,8118,1,0,2,0,2,557.0,224818
487,1948,47280,0,0,2,1,3,738.0,266972
488,1949,12680,1,0,2,0,2,528.0,230583
489,1950,10825,1,0,2,0,3,598.0,221461
490,1951,18559,1,0,2,0,3,550.0,231236
491,1952,14450,0,1,2,0,3,551.0,204882
492,1953,13068,1,0,2,0,3,461.0,224296
493,1954,10400,0,0,2,1,3,489.0,220361
494,1955,9743,0,0,1,1,3,484.0,139833
495,1956,12511,0,1,2,1,4,1314.0,232032
496,1957,10400,0,0,2,0,2,473.0,190759
497,1958,14311,1,0,2,1,4,787.0,255469
498,1959,9000,0,0,2,2,4,480.0,248193
499,1960,10295,0,0,1,0,2,288.0,110929
500,1961,7560,1,0,1,0,3,576.0,137638
501,1962,1680,0,1,1,1,2,264.0,152202
502,1963,1890,0,0,1,1,2,352.0,136686
503,1964,1680,0,0,2,1,3,264.0,209340
504,1965,2308,0,0,2,1,4,460.0,203356
505,1966,2529,0,0,2,0,2,440.0,180811
506,1967,12704,1,0,2,0,3,905.0,223836
507,1968,13693,1,0,2,1,4,650.0,254688
508,1969,14418,1,0,2,0,2,706.0,232780
509,1970,13418,1,0,2,1,4,850.0,254340
510,1971,12539,1,0,2,1,4,1150.0,253229
511,1972,12151,1,0,2,1,3,1003.0,259516
512,1973,8899,0,0,2,1,4,656.0,211686
513,1974,10574,1,0,2,1,4,756.0,250746
514,1975,12720,2,0,1,1,1,789.0,231037
515,1976,10845,1,0,2,0,2,732.0,228264
516,1977,16900,1,0,2,1,4,746.0,258741
517,1978,16451,0,0,2,1,4,795.0,221231
518,1979,10110,1,0,2,0,2,870.0,227335
519,1980,12304,0,0,2,0,2,484.0,193165
520,1981,8232,1,0,2,0,2,944.0,224962
521,1982,6240,1,0,2,0,2,550.0,222444
522,1983,6240,0,0,2,0,2,550.0,185501
523,1984,2448,0,0,2,1,2,474.0,217088
524,1985,3940,1,0,2,0,2,644.0,219537
525,1986,3940,1,0,2,0,2,668.0,219537
526,1987,3710,0,0,2,0,2,428.0,182304
527,1988,9024,0,0,2,1,3,393.0,218621
528,1989,8010,0,0,2,1,3,400.0,217340
529,1990,8396,0,0,2,1,4,434.0,211050
530,1991,7301,1,0,2,0,2,484.0,223785
531,1992,8220,0,0,2,1,3,431.0,217605
532,1993,7750,0,0,2,1,3,403.0,217011
533,1994,12460,0,0,2,1,4,400.0,216186
534,1995,8390,0,0,2,1,3,450.0,217820
535,1996,9660,0,0,2,1,3,516.0,219425
536,1997,11000,0,0,2,1,4,687.0,214341
537,1998,11675,1,0,2,0,2,938.0,229313
538,1999,10990,1,0,2,1,4,576.0,251271
539,2000,11929,0,0,2,1,4,751.0,215515
540,2001,10010,1,0,2,1,4,783.0,250033
541,2002,13253,1,0,2,0,3,642.0,224530
542,2003,9801,0,0,3,0,3,851.0,262921
543,2004,9428,1,0,2,1,3,880.0,256075
544,2005,10037,0,0,2,0,3,480.0,183523
545,2006,8640,0,0,2,0,3,588.0,181757
546,2007,10625,0,0,2,0,3,660.0,184266
547,2008,7500,1,0,2,0,2,462.0,224037
548,2009,10110,1,0,2,1,3,542.0,256937
549,2010,12774,0,0,2,1,3,478.0,223361
550,2011,13072,1,0,1,0,3,0.0,144604
551,2012,9260,0,0,2,0,3,483.0,182541
552,2013,8453,0,0,2,1,3,525.0,217900
553,2014,8480,0,1,2,1,3,474.0,233715
554,2015,14565,0,0,2,1,3,483.0,225624
555,2016,8450,1,0,2,1,3,627.0,254839
556,2017,8285,0,1,2,1,3,506.0,233469
557,2018,9100,1,0,1,0,3,384.0,139584
558,2019,8100,1,0,1,0,3,420.0,138321
559,2020,8450,1,0,1,0,3,308.0,138763
560,2021,6360,0,0,1,0,3,276.0,99179
561,2022,19508,0,1,2,0,3,484.0,211274
562,2023,10759,0,0,2,0,4,490.0,177658
563,2024,9205,1,0,2,1,4,473.0,249015
564,2025,11025,1,0,2,1,4,636.0,251316
565,2026,3435,0,0,2,0,1,495.0,188734
566,2027,3180,1,0,2,1,2,480.0,254956
567,2028,3180,0,0,2,0,2,540.0,181634
568,2029,2280,1,0,2,1,3,440.0,247041
569,2030,4765,1,0,2,0,2,495.0,220580
570,2031,4538,1,0,1,1,1,545.0,183753
571,2032,4385,1,0,1,1,2,588.0,176782
572,2033,4109,1,0,2,0,2,484.0,219751
573,2034,2160,1,0,2,1,3,462.0,246889
574,2035,10646,1,0,2,1,3,546.0,257614
575,2036,2645,1,0,2,1,3,480.0,247502
576,2037,2645,1,0,2,1,3,480.0,247502
577,2038,3951,1,0,2,1,2,846.0,255930
578,2039,11064,1,0,1,1,1,477.0,192001
579,2040,24572,0,0,2,2,3,864.0,274651
580,2041,16280,1,0,3,0,3,550.0,308053
581,2042,7500,0,0,2,1,3,469.0,216695
582,2043,11104,0,1,2,0,4,516.0,193875
583,2044,11050,0,0,1,1,4,512.0,134708
584,2045,15387,0,0,2,0,4,578.0,183507
585,2046,9750,0,0,2,0,4,484.0,176382
586,2047,8814,0,0,1,1,4,470.0,131882
587,2048,8125,1,0,1,0,3,576.0,138352
588,2049,11072,0,0,2,0,6,576.0,164498
589,2050,13355,0,0,1,1,4,464.0,137621
590,2051,7785,0,0,1,0,2,267.0,107757
591,2052,9900,1,0,1,0,3,451.0,140596
592,2053,11332,1,0,1,0,3,264.0,142405
593,2054,4882,0,0,1,0,2,231.0,104088
594,2055,9600,0,0,2,0,3,450.0,182970
595,2056,9600,1,0,1,0,3,264.0,140216
596,2057,7584,0,0,1,0,3,312.0,100726
597,2058,14670,0,0,2,1,4,480.0,218980
598,2059,8856,1,0,1,0,3,292.0,139276
599,2060,9840,1,0,2,0,2,480.0,226994
600,2061,13200,1,0,1,0,3,441.0,144766
601,2062,10425,1,0,1,0,3,384.0,141259
602,2063,11556,1,0,1,0,2,240.0,149466
603,2064,9373,0,0,1,1,3,636.0,139366
604,2065,12774,0,0,1,0,2,400.0,114063
605,2066,14250,0,0,2,0,3,540.0,188847
606,2067,8838,0,0,2,1,4,301.0,211609
607,2068,12436,0,0,2,0,5,484.0,173000
608,2069,10122,0,0,1,0,1,390.0,117488
609,2070,7506,0,0,1,0,3,288.0,100627
610,2071,5400,0,0,1,0,2,308.0,104743
611,2072,10836,0,1,1,0,3,1488.0,120617
612,2073,10180,0,1,1,1,3,372.0,156167
613,2074,11355,0,0,1,1,3,495.0,141871
614,2075,12929,1,0,1,0,3,401.0,144424
615,2076,7200,0,0,1,0,2,576.0,107018
616,2077,8000,1,0,1,1,3,311.0,174573
617,2078,8000,0,1,1,0,3,299.0,117033
618,2079,8064,0,0,2,0,3,576.0,181029
619,2080,6390,1,0,1,0,2,280.0,142937
620,2081,7200,0,0,1,0,4,240.0,93463
621,2082,8513,0,0,2,0,6,0.0,161264
622,2083,7200,0,0,1,1,3,480.0,136619
623,2084,7200,0,1,1,0,2,350.0,122799
624,2085,7590,0,0,1,0,3,264.0,100733
625,2086,9836,1,0,1,0,3,308.0,140515
626,2087,9184,0,0,1,0,3,400.0,102748
627,2088,4800,0,0,1,0,2,330.0,103985
628,2089,4800,0,0,1,0,2,256.0,103985
629,2090,6000,0,0,1,1,4,308.0,128325
630,2091,11426,0,0,2,0,3,0.0,185278
631,2092,7628,0,0,2,0,2,440.0,187256
632,2093,7308,0,0,1,0,2,225.0,107154
633,2094,5400,0,1,1,0,2,0.0,120524
634,2095,10800,0,0,2,0,3,828.0,184487
635,2096,6756,0,0,1,0,2,200.0,106457
636,2097,5914,0,0,1,0,3,0.0,98615
637,2098,9000,0,0,1,0,3,869.0,102515
638,2099,7311,0,0,1,0,1,297.0,113936
639,2100,12205,0,0,2,0,5,0.0,172708
640,2101,9142,0,0,2,0,4,420.0,175614
641,2102,5350,0,0,1,0,3,288.0,97902
642,2103,9143,0,0,1,0,2,308.0,109474
643,2104,9600,0,0,2,0,4,393.0,176193
644,2105,6000,0,0,1,1,3,0.0,135103
645,2106,11340,0,0,1,0,2,400.0,112250
646,2107,10800,0,0,2,0,5,342.0,170932
647,2108,9750,1,0,1,0,2,308.0,147184
648,2109,8516,0,0,1,0,2,308.0,108681
649,2110,7111,0,0,1,0,2,288.0,106905
650,2111,7425,0,0,1,1,3,252.0,136904
651,2112,7010,0,0,2,0,3,240.0,179697
652,2113,5000,0,0,1,0,3,240.0,97460
653,2114,5870,0,0,1,1,3,200.0,134938
654,2115,6000,0,0,1,1,3,240.0,135103
655,2116,6000,0,0,1,0,2,370.0,105501
656,2117,6000,0,0,2,0,3,672.0,178421
657,2118,6000,0,0,2,0,2,240.0,185198
658,2119,5000,0,0,1,0,3,160.0,97460
659,2120,5520,1,0,1,0,3,355.0,135060
660,2121,5940,0,0,1,0,2,280.0,105425
661,2122,6240,0,1,1,0,2,336.0,121586
662,2123,6120,0,0,1,0,1,164.0,112430
663,2124,6240,0,0,2,0,4,400.0,171946
664,2125,6120,0,0,2,0,4,576.0,171795
665,2126,9144,0,0,2,0,4,672.0,175617
666,2127,8094,0,0,2,0,5,360.0,167512
667,2128,4347,0,0,1,0,3,228.0,96635
668,2129,6291,0,0,1,0,1,440.0,112647
669,2130,10266,0,0,1,1,4,308.0,133717
670,2131,6876,0,0,2,0,4,400.0,172750
671,2132,10320,0,0,2,0,2,400.0,190658
672,2133,7200,0,0,1,0,2,320.0,107018
673,2134,7006,1,0,2,0,3,384.0,216635
674,2135,10320,0,0,1,0,1,576.0,117739
675,2136,10320,0,0,2,0,3,0.0,183880
676,2137,9488,0,0,1,0,3,240.0,103132
677,2138,11235,1,0,1,0,3,440.0,142283
678,2139,13014,1,0,1,0,3,484.0,144531
679,2140,10265,1,0,1,0,3,294.0,141057
680,2141,7703,0,1,1,0,3,504.0,116658
681,2142,9981,0,0,1,0,3,270.0,103755
682,2143,7400,1,0,1,0,2,506.0,144213
683,2144,12900,1,0,1,0,3,400.0,144387
684,2145,9239,1,0,1,0,3,300.0,139760
685,2146,14175,1,0,1,0,1,621.0,159554
686,2147,10532,1,0,2,0,3,626.0,221091
687,2148,8375,1,0,1,1,2,627.0,181825
688,2149,10200,0,0,1,0,3,912.0,104032
689,2150,20270,1,0,2,0,3,478.0,233399
690,2151,5190,0,0,1,0,2,249.0,104477
691,2152,19550,1,0,1,0,2,0.0,159569
692,2153,9571,1,0,1,0,3,322.0,140180
693,2154,9350,1,0,1,0,2,0.0,146678
694,2155,9360,0,0,1,1,3,280.0,139349
695,2156,9771,0,1,2,1,4,614.0,228569
696,2157,9938,1,0,2,1,3,534.0,256719
697,2158,14171,0,0,2,1,4,453.0,218349
698,2159,10541,0,0,2,1,3,472.0,220539
699,2160,10616,0,0,2,1,3,484.0,220633
700,2161,9345,0,0,2,0,3,864.0,182648
701,2162,11778,1,0,2,0,3,1348.0,222666
702,2163,11778,1,0,2,1,3,874.0,259045
703,2164,11454,1,0,2,0,3,811.0,222256
704,2165,11500,1,0,2,0,2,438.0,229092
705,2166,9750,1,0,1,0,3,528.0,140406
706,2167,8696,1,0,2,0,3,558.0,218771
707,2168,13142,1,0,2,1,3,600.0,260769
708,2169,8998,0,0,2,1,3,532.0,218589
709,2170,12192,1,0,2,1,3,626.0,259568
710,2171,12250,1,0,1,0,3,528.0,143566
711,2172,9216,0,0,1,1,3,576.0,139167
712,2173,14330,1,0,2,0,2,440.0,232669
713,2174,10400,0,0,2,1,3,570.0,220361
714,2175,9720,1,0,2,1,3,725.0,256444
715,2176,14860,1,0,2,0,3,715.0,226561
716,2177,10905,0,0,2,1,4,596.0,214221
717,2178,11690,0,0,2,1,3,560.0,221991
718,2179,4426,1,0,1,0,1,420.0,147232
719,2180,10126,2,0,2,0,2,721.0,264298
720,2181,9750,0,0,2,0,3,470.0,183160
721,2182,11058,0,0,2,0,3,814.0,184813
722,2183,9627,0,0,2,0,3,610.0,183005
723,2184,9825,0,0,1,0,3,264.0,103558
724,2185,12102,0,1,1,0,3,504.0,122217
725,2186,6500,0,1,1,1,3,480.0,151516
726,2187,9638,1,0,1,0,3,542.0,140264
727,2188,7200,0,0,1,1,3,440.0,136619
728,2189,47007,0,0,3,1,5,624.0,332768
729,2190,6012,0,0,2,0,2,0.0,185213
730,2191,6845,0,0,2,0,2,0.0,186266
731,2192,6931,1,0,1,0,2,0.0,143621
732,2193,12180,0,0,1,1,2,0.0,149691
733,2194,8050,0,0,1,1,4,0.0,130916
734,2195,9520,0,0,1,0,2,286.0,109950
735,2196,7692,0,0,1,0,3,312.0,100862
736,2197,5142,0,0,1,1,3,205.0,134018
737,2198,7290,0,0,2,0,2,312.0,186828
738,2199,7804,2,0,2,2,4,480.0,320567
739,2200,8969,1,0,1,0,2,369.0,146196
740,2201,15564,0,0,1,0,3,400.0,110811
741,2202,7609,1,0,2,0,3,180.0,217397
742,2203,9650,0,0,1,0,4,599.0,96559
743,2204,11700,0,0,2,0,4,240.0,178847
744,2205,9260,0,0,1,0,3,225.0,102844
745,2206,7801,0,1,1,0,2,344.0,123559
746,2207,9670,0,0,1,1,4,786.0,132963
747,2208,12392,1,0,2,1,3,506.0,259821
748,2209,26073,0,0,2,1,3,484.0,240169
749,2210,1879,0,0,1,0,2,462.0,100293
750,2211,7000,1,0,1,0,2,195.0,143708
751,2212,6000,0,0,1,0,3,240.0,98724
752,2213,8155,0,0,1,0,4,0.0,94670
753,2214,6000,0,0,1,1,3,288.0,135103
754,2215,7392,0,0,1,0,2,360.0,107261
755,2216,9000,0,0,2,0,4,356.0,175435
756,2217,14584,0,0,1,0,2,487.0,116350
757,2218,5280,0,0,1,0,2,185.0,104591
758,2219,5150,0,0,1,0,2,195.0,104427
759,2220,9000,0,0,1,1,3,216.0,138894
760,2221,3843,1,1,2,0,2,525.0,235196
761,2222,3811,1,1,2,0,2,482.0,235156
762,2223,23730,1,0,3,0,3,786.0,317468
763,2224,11050,0,0,2,1,3,816.0,221182
764,2225,10260,0,0,2,2,4,484.0,249785
765,2226,9990,1,0,2,0,3,432.0,220406
766,2227,4084,1,0,2,0,2,512.0,219719
767,2228,11563,1,0,2,0,3,788.0,222394
768,2229,12852,1,0,2,1,3,612.0,260402
769,2230,9802,0,0,2,1,3,400.0,219605
770,2231,12018,0,0,2,1,3,666.0,222405
771,2232,12890,0,0,2,0,3,438.0,187128
772,2233,18265,0,0,2,0,3,578.0,193922
773,2234,11202,1,0,2,0,3,467.0,221938
774,2235,7915,1,0,2,0,3,435.0,217784
775,2236,11449,1,0,2,0,3,520.0,222250
776,2237,11447,1,0,2,1,3,892.0,258627
777,2238,8940,2,0,2,0,2,784.0,262799
778,2239,9278,0,0,1,0,2,0.0,109644
779,2240,4500,1,0,2,0,2,392.0,220245
780,2241,14137,1,0,1,0,3,850.0,145950
781,2242,4224,0,0,1,0,3,499.0,96479
782,2243,2665,0,0,2,0,4,336.0,167428
783,2244,1974,1,0,1,0,2,297.0,137356
784,2245,1596,1,0,1,0,1,297.0,143656
785,2246,17979,1,0,1,0,3,257.0,150806
786,2247,1477,0,0,2,1,3,0.0,209083
787,2248,6490,0,1,1,0,2,264.0,121902
788,2249,6600,0,0,1,0,3,264.0,99482
789,2250,12395,0,0,1,0,3,484.0,106806
790,2251,56600,0,0,2,0,4,288.0,235594
791,2252,10667,0,0,2,0,3,525.0,184319
792,2253,8872,0,0,2,1,3,390.0,218429
793,2254,10147,0,0,2,1,3,398.0,220041
794,2255,8637,1,0,2,1,3,451.0,255075
795,2256,7875,0,0,2,1,3,420.0,217169
796,2257,7500,0,0,3,1,5,482.0,282837
797,2258,9556,0,0,2,0,3,420.0,182915
798,2259,7655,0,0,2,1,3,392.0,216891
799,2260,18160,1,0,1,0,3,480.0,151035
800,2261,4740,1,0,2,0,2,480.0,220548
801,2262,5118,1,0,1,0,1,484.0,148107
802,2263,12328,1,0,3,1,4,729.0,332659
803,2264,51974,1,0,2,1,4,1110.0,303069
804,2265,41600,1,0,1,1,3,828.0,217039
805,2266,8035,1,0,2,0,2,556.0,224713
806,2267,14082,1,0,1,1,1,724.0,195815
807,2268,13870,1,0,2,0,3,724.0,225310
808,2269,10960,1,0,2,0,3,480.0,221632
809,2270,12090,0,0,2,1,3,484.0,222496
810,2271,12299,1,0,2,0,3,663.0,223324
811,2272,11339,1,0,2,1,4,481.0,251713
812,2273,11850,0,0,2,0,3,495.0,185814
813,2274,10400,1,0,2,0,2,478.0,227702
814,2275,13001,0,1,2,0,2,944.0,209828
815,2276,8991,0,1,2,0,3,585.0,197982
816,2277,8000,1,0,2,1,4,488.0,247493
817,2278,9457,1,0,1,0,3,576.0,140036
818,2279,7920,0,0,1,0,3,368.0,101150
819,2280,17199,0,0,1,0,2,270.0,119655
820,2281,4113,0,0,2,0,2,511.0,182813
821,2282,10943,1,0,2,0,2,522.0,228388
822,2283,2205,0,0,1,1,3,264.0,130306
823,2284,2058,0,0,1,1,4,264.0,123343
824,2285,2304,0,0,2,0,2,319.0,180527
825,2286,7150,1,0,1,0,3,360.0,137120
826,2287,12469,1,0,2,0,3,730.0,223539
827,2288,11825,0,0,2,0,3,856.0,185782
828,2289,14333,1,0,2,1,2,938.0,269052
829,2290,13641,1,0,2,1,3,1040.0,261399
830,2291,13440,0,0,2,1,4,670.0,217425
831,2292,15431,1,0,2,1,2,878.0,270439
832,2293,13891,1,0,2,0,3,932.0,225336
833,2294,13654,0,0,2,1,4,814.0,217696
834,2295,17169,2,0,2,1,2,1174.0,309579
835,2296,16659,0,0,2,1,3,728.0,228271
836,2297,9709,1,0,2,1,3,786.0,256430
837,2298,13615,0,0,2,1,3,843.0,224424
838,2299,13069,0,0,2,1,5,916.0,210179
839,2300,14277,1,0,2,1,3,818.0,262203
840,2301,12568,1,0,2,1,3,774.0,260043
841,2302,9926,1,0,2,0,3,878.0,220325
842,2303,9254,1,0,2,0,3,554.0,219476
843,2304,10732,0,0,2,1,3,876.0,220780
844,2305,3901,1,0,1,1,1,631.0,182948
845,2306,3903,1,0,1,1,1,631.0,182950
846,2307,6289,1,0,2,0,2,460.0,222506
847,2308,4590,0,0,2,0,2,627.0,183416
848,2309,7841,1,0,2,0,2,564.0,224468
849,2310,6240,0,0,2,0,2,550.0,185501
850,2311,3242,1,0,2,0,2,478.0,218655
851,2312,15810,0,0,3,0,3,572.0,270516
852,2313,10237,0,0,2,1,3,400.0,220154
853,2314,13204,0,0,2,0,3,454.0,187525
854,2315,8857,0,0,2,1,3,440.0,218410
855,2316,9729,1,0,2,1,3,350.0,256455
856,2317,12216,1,0,2,0,3,388.0,223219
857,2318,8229,0,0,2,1,3,440.0,217617
858,2319,7713,0,0,2,1,3,400.0,216965
859,2320,7697,0,0,2,0,3,462.0,180565
860,2321,3621,1,0,2,0,2,630.0,219134
861,2322,3710,0,0,2,0,2,388.0,182304
862,2323,16219,1,0,2,0,2,437.0,235056
863,2324,11084,1,0,2,1,3,400.0,258168
864,2325,10936,0,0,2,1,3,534.0,221038
865,2326,11950,0,0,2,1,3,400.0,222319
866,2327,7875,0,0,2,1,4,434.0,210392
867,2328,8740,0,0,2,1,4,435.0,211485
868,2329,9487,1,0,2,1,3,442.0,256149
869,2330,9649,0,0,2,1,3,460.0,219411
870,2331,12191,1,0,2,1,4,925.0,252789
871,2332,10557,1,0,2,1,4,806.0,250724
872,2333,11002,1,0,2,1,4,758.0,251287
873,2334,10790,0,0,2,1,4,600.0,214076
874,2335,11762,1,0,2,1,4,517.0,252247
875,2336,9044,0,0,2,1,4,933.0,211869
876,2337,9910,0,0,2,0,3,605.0,183362
877,2338,11830,1,0,2,0,3,852.0,222732
878,2339,10612,0,0,2,0,3,484.0,184249
879,2340,12291,1,0,2,0,1,1092.0,236869
880,2341,9965,0,0,3,2,3,480.0,335887
881,2342,8847,1,0,2,0,3,484.0,218962
882,2343,8251,1,0,2,0,3,672.0,218208
883,2344,9605,0,0,2,1,3,574.0,219356
884,2345,8778,0,0,2,1,3,859.0,218311
885,2346,8640,0,0,2,0,3,598.0,181757
886,2347,9000,0,0,2,0,3,575.0,182212
887,2348,8640,0,0,2,1,3,590.0,218136
888,2349,10411,0,0,3,0,3,561.0,263692
889,2350,12217,1,0,2,1,3,880.0,259600
890,2351,10440,0,0,2,0,2,594.0,190810
891,2352,11824,0,0,2,0,2,658.0,192559
892,2353,10625,0,0,2,1,4,744.0,213867
893,2354,7500,0,0,1,1,3,0.0,136998
894,2355,7500,0,0,1,1,3,0.0,136998
895,2356,12450,1,0,1,0,3,576.0,143818
896,2357,7441,0,0,2,0,3,566.0,180242
897,2358,11613,0,0,2,1,3,492.0,221894
898,2359,8012,0,0,1,1,2,283.0,144423
899,2360,6285,1,0,1,0,2,308.0,142804
900,2361,7476,1,0,1,1,3,686.0,173911
901,2362,19522,1,0,2,1,3,564.0,268832
902,2363,10751,1,0,1,0,2,431.0,148449
903,2364,12712,1,0,1,0,2,542.0,150927
904,2365,4379,1,0,2,0,2,540.0,220092
905,2366,3523,1,0,2,0,2,484.0,219010
906,2367,3784,1,0,2,0,2,476.0,219340
907,2368,3606,1,0,2,0,2,466.0,219115
908,2369,5330,0,0,2,1,2,528.0,220730
909,2370,2280,1,0,2,1,3,440.0,247041
910,2371,2117,0,0,2,1,3,440.0,209892
911,2372,7321,0,0,2,0,3,625.0,180090
912,2373,8010,1,0,2,1,3,552.0,254283
913,2374,8413,1,0,2,1,3,1105.0,254792
914,2375,9466,1,0,1,1,1,478.0,189981
915,2376,12000,1,0,2,1,3,546.0,259325
916,2377,17778,1,0,2,0,2,676.0,237027
917,2378,11700,1,0,1,1,3,412.0,179249
918,2379,8000,1,0,2,1,4,570.0,247493
919,2380,8723,1,0,1,0,3,480.0,139108
920,2381,11700,1,0,1,1,3,528.0,179249
921,2382,11358,0,0,2,0,3,515.0,185192
922,2383,9547,0,0,2,0,2,472.0,189681
923,2384,10530,1,0,2,1,3,473.0,257468
924,2385,10738,1,0,2,0,3,484.0,221351
925,2386,10800,1,0,1,0,3,311.0,141733
926,2387,8050,1,0,1,0,3,308.0,138257
927,2388,10899,0,0,2,0,2,530.0,191390
928,2389,7450,0,0,1,0,2,396.0,107334
929,2390,14357,1,0,1,0,2,440.0,153006
930,2391,8243,0,0,1,0,3,784.0,101558
931,2392,8680,0,0,1,0,3,312.0,102111
932,2393,8800,0,1,2,0,3,440.0,197741
933,2394,9200,0,0,2,0,3,440.0,182465
934,2395,8800,0,0,2,1,5,539.0,204783
935,2396,11382,0,1,1,0,3,286.0,121307
936,2397,22002,1,0,1,1,3,510.0,192270
937,2398,12172,0,0,1,0,2,512.0,113302
938,2399,5000,0,1,1,0,2,0.0,120019
939,2400,3500,1,0,1,0,2,0.0,139284
940,2401,5175,0,0,1,0,2,308.0,104459
941,2402,9600,1,0,1,0,2,288.0,146994
942,2403,8668,0,0,2,0,4,792.0,175015
943,2404,10050,0,1,2,0,3,432.0,199321
944,2405,9600,1,0,1,0,3,525.0,140216
945,2406,8760,1,0,1,0,2,315.0,145932
946,2407,6860,1,0,1,0,3,308.0,136753
947,2408,8250,1,0,1,0,3,692.0,138510
948,2409,9100,0,0,1,0,3,336.0,102642
949,2410,9736,0,0,1,0,4,464.0,96668
950,2411,9770,1,0,1,0,2,308.0,147209
951,2412,12198,0,0,1,0,3,310.0,106557
952,2413,10050,1,0,1,0,3,336.0,140785
953,2414,11556,0,0,1,1,3,336.0,142125
954,2415,8078,0,0,2,0,4,484.0,174269
955,2416,10950,0,0,1,0,2,410.0,111757
956,2417,7942,0,1,1,0,3,293.0,116960
957,2418,8540,1,0,1,0,3,252.0,138877
958,2419,7150,1,0,1,0,4,352.0,130342
959,2420,8400,1,0,1,0,3,390.0,138700
960,2421,9532,1,0,1,0,3,280.0,140130
961,2422,15783,0,0,1,0,2,420.0,117866
962,2423,14190,0,0,2,0,3,0.0,188771
963,2424,12099,1,0,1,0,3,371.0,143375
964,2425,21281,0,0,3,1,4,1200.0,307032
965,2426,10284,1,0,2,0,1,580.0,234333
966,2427,10800,0,0,1,1,3,0.0,141169
967,2428,10090,0,1,2,0,4,276.0,192594
968,2429,8700,0,1,1,0,3,240.0,117918
969,2430,8300,1,0,1,0,3,288.0,138573
970,2431,7200,0,0,1,1,3,357.0,136619
971,2432,7500,1,0,1,0,3,286.0,137562
972,2433,7315,0,1,1,0,3,338.0,116167
973,2434,7903,1,0,1,1,3,324.0,174451
974,2435,8000,1,0,1,0,3,351.0,138194
975,2436,7000,0,0,1,0,3,300.0,99988
976,2437,6600,0,0,1,0,2,294.0,106260
977,2438,6760,1,0,1,0,3,288.0,136627
978,2439,6978,0,0,1,0,2,576.0,106737
979,2440,6000,0,0,1,0,3,576.0,98724
980,2441,4480,1,0,1,0,2,184.0,140523
981,2442,3153,0,0,1,0,2,180.0,101903
982,2443,7200,0,0,1,0,2,379.0,107018
983,2444,9000,0,0,1,0,2,576.0,109293
984,2445,5925,0,0,1,0,3,252.0,98629
985,2446,9639,0,0,2,1,4,342.0,212621
986,2447,10337,0,0,2,1,3,816.0,220281
987,2448,9863,0,1,1,1,4,374.0,148989
988,2449,4571,0,0,1,0,3,480.0,96918
989,2450,8398,0,0,2,0,3,468.0,181451
990,2451,3600,0,0,1,1,3,336.0,132069
991,2452,13500,0,0,2,0,3,576.0,187899
992,2453,8626,0,0,1,0,2,331.0,108820
993,2454,11800,0,0,2,0,1,384.0,199306
994,2455,6854,1,0,1,0,1,308.0,150301
995,2456,8674,1,0,1,0,3,308.0,139046
996,2457,6125,0,0,2,0,3,224.0,178578
997,2458,6000,0,0,1,1,3,217.0,135103
998,2459,6120,0,0,1,0,2,240.0,105653
999,2460,6240,1,0,1,1,3,528.0,172349
1000,2461,6240,1,0,1,0,4,280.0,129192
1001,2462,6240,0,0,1,0,3,230.0,99027
1002,2463,6120,1,0,1,0,2,379.0,142596
1003,2464,7755,0,0,2,1,4,408.0,210240
1004,2465,8850,0,0,1,0,3,576.0,102326
1005,2466,8550,0,0,1,0,4,576.0,95169
1006,2467,5700,1,0,1,1,3,456.0,171666
1007,2468,5680,0,0,2,0,3,240.0,178016
1008,2469,5680,0,0,1,0,2,216.0,105097
1009,2470,13200,0,0,3,0,5,658.0,253662
1010,2471,9780,0,0,1,1,4,299.0,133103
1011,2472,10320,0,0,1,1,3,720.0,140563
1012,2473,4330,1,0,2,0,3,436.0,213253
1013,2474,10320,0,0,2,0,3,264.0,183880
1014,2475,12888,1,0,1,1,3,498.0,180751
1015,2476,4484,1,0,1,0,2,240.0,140528
1016,2477,11235,1,0,1,0,3,308.0,142283
1017,2478,11235,1,0,1,0,2,572.0,149060
1018,2479,14299,1,0,1,0,3,440.0,146155
1019,2480,14149,0,1,2,0,3,528.0,204501
1020,2481,11677,1,0,1,0,3,264.0,142841
1021,2482,8425,1,0,1,0,2,576.0,145509
1022,2483,8665,0,0,1,0,3,264.0,102092
1023,2484,8398,1,0,1,0,2,528.0,145475
1024,2485,8169,1,0,1,0,3,315.0,138408
1025,2486,14175,1,0,1,0,3,323.0,145999
1026,2487,16779,0,0,3,0,4,638.0,264963
1027,2488,6960,0,0,1,1,2,224.0,143094
1028,2489,11375,0,0,1,0,3,494.0,105517
1029,2490,13770,1,0,1,0,3,303.0,145487
1030,2491,9000,0,0,1,0,3,460.0,102515
1031,2492,11075,0,0,2,0,3,552.0,184835
1032,2493,17541,0,0,2,0,3,576.0,193007
1033,2494,22692,0,0,2,0,3,649.0,199517
1034,2495,17808,0,0,1,0,2,336.0,120425
1035,2496,12671,0,0,3,0,4,527.0,259771
1036,2497,10512,0,0,1,1,3,332.0,140805
1037,2498,5400,0,1,1,0,3,399.0,113747
1038,2499,11515,0,0,1,0,3,308.0,105694
1039,2500,3869,0,0,2,0,2,264.0,182505
1040,2501,9280,1,0,1,0,4,256.0,133034
1041,2502,11100,1,0,1,0,4,253.0,135335
1042,2503,7550,0,0,2,0,4,280.0,173602
1043,2504,23920,0,0,2,0,4,515.0,194291
1044,2505,9317,1,0,2,1,3,499.0,255935
1045,2506,9178,0,0,2,0,3,870.0,182437
1046,2507,10481,0,0,2,1,3,894.0,220463
1047,2508,10235,0,0,2,0,3,870.0,183773
1048,2509,11750,0,0,2,0,3,796.0,185688
1049,2510,8760,0,0,2,0,3,674.0,181909
1050,2511,7242,0,0,2,0,2,524.0,186768
1051,2512,9316,0,0,2,1,3,578.0,218990
1052,2513,8883,1,0,2,1,3,619.0,255386
1053,2514,20064,2,0,0,1,0,529.0,167399
1054,2515,14217,0,1,1,0,3,747.0,124890
1055,2516,10021,1,0,2,1,3,497.0,256824
1056,2517,8428,1,0,1,0,3,384.0,138735
1057,2518,16561,1,0,1,1,3,242.0,185393
1058,2519,10820,0,0,2,1,3,597.0,220891
1059,2520,12352,1,0,2,1,3,534.0,259770
1060,2521,9543,0,0,2,1,3,517.0,219277
1061,2522,8826,1,0,2,1,3,486.0,255314
1062,2523,11800,0,0,1,0,3,440.0,106054
1063,2524,8660,0,0,2,0,3,370.0,181782
1064,2525,9720,0,0,2,0,3,576.0,183122
1065,2526,8982,0,0,1,1,3,748.0,138872
1066,2527,16300,1,0,1,0,3,308.0,148684
1067,2528,9675,0,0,1,0,3,440.0,103368
1068,2529,7200,1,0,1,0,3,576.0,137183
1069,2530,7200,0,0,1,0,3,728.0,100240
1070,2531,11354,1,0,2,0,3,583.0,222130
1071,2532,8749,1,0,2,1,3,610.0,255217
1072,2533,8158,0,0,2,1,3,542.0,217527
1073,2534,11927,0,0,2,0,3,484.0,185911
1074,2535,12728,1,0,2,1,4,560.0,253468
1075,2536,15295,1,0,2,1,3,608.0,263490
1076,2537,17227,1,0,1,1,1,482.0,199790
1077,2538,8145,0,0,2,1,3,552.0,217511
1078,2539,8769,1,0,2,0,2,578.0,225641
1079,2540,8334,0,0,2,0,3,437.0,181370
1080,2541,8333,0,0,2,1,3,484.0,217748
1081,2542,9045,0,0,2,1,3,400.0,218648
1082,2543,9825,1,0,1,0,2,384.0,147278
1083,2544,8308,0,0,1,0,2,520.0,108418
1084,2545,16287,1,0,1,0,3,576.0,148668
1085,2546,8240,0,0,1,0,2,622.0,108332
1086,2547,6285,1,0,1,0,3,528.0,136027
1087,2548,9555,0,0,2,1,5,579.0,205737
1088,2549,7023,1,0,2,1,3,489.0,253035
1089,2550,39290,1,1,2,1,2,1154.0,316375
1090,2551,3675,1,0,1,0,2,525.0,139506
1091,2552,6400,1,0,1,0,2,392.0,142950
1092,2553,6882,0,0,2,0,2,0.0,186313
1093,2554,8741,0,0,2,0,4,0.0,175107
1094,2555,10042,1,0,1,0,2,216.0,147553
1095,2556,8172,0,0,1,0,2,355.0,108246
1096,2557,8172,1,0,1,0,3,528.0,138412
1097,2558,10890,2,0,2,0,6,0.0,238154
1098,2559,7223,0,0,1,0,3,352.0,100269
1099,2560,6821,0,0,2,0,2,240.0,186236
1100,2561,4000,1,0,1,0,2,216.0,139916
1101,2562,6720,0,0,1,0,3,228.0,99634
1102,2563,7155,0,0,1,0,3,225.0,100183
1103,2564,7230,0,0,2,1,4,264.0,209577
1104,2565,13108,0,0,1,1,2,400.0,150864
1105,2566,7810,0,0,2,0,4,231.0,173931
1106,2567,6221,0,0,2,0,3,528.0,178700
1107,2568,25485,0,0,1,1,3,580.0,159729
1108,2569,21579,0,1,2,0,3,552.0,213892
1109,2570,1782,0,0,1,0,2,462.0,100170
1110,2571,17871,0,0,2,0,4,628.0,186646
1111,2572,3907,1,0,1,0,1,509.0,146576
1112,2573,20693,0,0,2,0,3,625.0,196990
1113,2574,18044,0,0,2,1,2,691.0,236799
1114,2575,7000,0,0,1,0,3,720.0,99988
1115,2576,7288,0,0,2,0,3,0.0,180048
1116,2577,9060,0,0,2,0,3,,182288
1117,2578,3672,0,0,1,0,2,100.0,102559
1118,2579,11067,0,0,1,0,1,256.0,118683
1119,2580,8250,0,0,2,0,4,0.0,174487
1120,2581,6565,1,0,1,0,3,720.0,136381
1121,2582,6060,0,0,1,0,2,216.0,105577
1122,2583,5568,1,1,2,0,2,495.0,237376
1123,2584,12150,1,0,2,0,2,486.0,229914
1124,2585,10000,0,0,2,0,3,650.0,183476
1125,2586,12864,1,0,1,1,1,576.0,194276
1126,2587,9928,1,0,2,0,3,506.0,220328
1127,2588,8750,0,1,1,0,3,360.0,117981
1128,2589,8410,1,0,1,0,2,528.0,145490
1129,2590,4054,1,0,2,0,2,512.0,219681
1130,2591,19958,0,0,2,1,4,461.0,225663
1131,2592,8368,0,0,2,0,3,433.0,181413
1132,2593,8298,0,0,2,0,2,502.0,188102
1133,2594,10331,0,1,2,0,3,528.0,199676
1134,2595,6718,0,0,2,0,2,471.0,186106
1135,2596,11305,1,0,2,0,2,692.0,228846
1136,2597,7777,0,0,2,0,3,571.0,180666
1137,2598,11800,1,0,3,1,5,452.0,325214
1138,2599,12633,0,0,2,0,3,932.0,186804
1139,2600,43500,0,0,1,0,2,1041.0,152896
1140,2601,6710,2,0,0,1,0,460.0,150521
1141,2602,1504,0,0,1,1,3,253.0,129420
1142,2603,1533,1,0,1,0,2,297.0,136798
1143,2604,1495,0,0,1,1,3,0.0,129409
1144,2605,1890,0,0,1,1,3,286.0,129908
1145,2606,9129,1,0,1,0,1,678.0,153176
1146,2607,15957,2,0,2,0,3,528.0,264890
1147,2608,33983,1,0,1,1,3,672.0,207412
1148,2609,8286,1,0,1,1,3,531.0,174935
1149,2610,6723,0,1,1,0,2,0.0,122196
1150,2611,27697,0,0,1,0,3,444.0,126146
1151,2612,11000,1,0,1,1,3,502.0,178365
1152,2613,11625,1,0,1,0,2,264.0,149553
1153,2614,10447,0,1,1,0,3,288.0,120126
1154,2615,11027,1,0,2,0,2,452.0,228494
1155,2616,10533,1,0,1,0,2,313.0,148173
1156,2617,11765,0,0,1,1,3,963.0,142389
1157,2618,39384,1,0,1,1,1,550.0,227793
1158,2619,11727,0,0,2,0,3,506.0,185659
1159,2620,8238,1,0,2,1,3,400.0,254571
1160,2621,13041,0,0,2,1,3,423.0,223698
1161,2622,9783,0,0,2,1,3,443.0,219581
1162,2623,13128,0,0,2,1,4,527.0,217031
1163,2624,13751,1,0,2,1,3,773.0,261539
1164,2625,13108,0,0,2,1,4,618.0,217005
1165,2626,8076,0,1,2,0,3,402.0,196826
1166,2627,3701,0,0,2,0,2,461.0,182292
1167,2628,16023,1,0,3,1,3,670.0,344107
1168,2629,18062,0,0,3,1,5,758.0,296186
1169,2630,12292,0,0,2,1,4,675.0,215974
1170,2631,16052,1,0,2,1,4,736.0,257669
1171,2632,15922,0,0,3,1,4,660.0,300259
1172,2633,8147,1,0,2,0,2,517.0,224854
1173,2634,18261,1,0,2,1,3,722.0,267239
1174,2635,10464,1,0,1,0,2,582.0,148086
1175,2636,10530,0,0,2,1,4,482.0,213747
1176,2637,9927,1,0,1,0,2,596.0,147407
1177,2638,9512,1,0,2,1,3,541.0,256181
1178,2639,10530,0,0,3,0,3,485.0,263843
1179,2640,10000,0,0,2,0,3,462.0,183476
1180,2641,7200,0,1,1,0,3,576.0,116022
1181,2642,8773,1,0,2,0,2,543.0,225646
1182,2643,2760,0,0,1,1,3,440.0,131008
1183,2644,2160,0,0,1,1,3,440.0,130249
1184,2645,1890,0,0,1,1,3,264.0,129908
1185,2646,1680,0,0,1,1,2,264.0,136420
1186,2647,1680,0,0,1,1,3,264.0,129643
1187,2648,4043,0,1,2,0,2,440.0,198506
1188,2649,7514,1,0,1,0,3,300.0,137580
1189,2650,2280,1,0,2,0,2,319.0,217439
1190,2651,2179,0,0,2,1,3,460.0,209970
1191,2652,16387,1,0,2,1,4,831.0,258092
1192,2653,16163,0,0,2,0,2,880.0,198043
1193,2654,12228,0,0,2,0,4,874.0,179514
1194,2655,14780,1,0,2,0,2,1085.0,233238
1195,2656,13975,0,0,2,1,4,670.0,218101
1196,2657,9942,1,0,2,1,3,521.0,256724
1197,2658,12867,0,0,2,1,3,575.0,223478
1198,2659,10672,0,0,2,1,4,672.0,213927
1199,2660,11643,1,0,2,1,4,784.0,252097
1200,2661,13758,1,0,2,0,2,925.0,231946
1201,2662,14828,1,0,2,0,2,816.0,233298
1202,2663,13215,1,0,2,1,3,746.0,260861
1203,2664,5911,1,0,2,0,2,556.0,222028
1204,2665,7740,1,0,2,0,1,899.0,231118
1205,2666,6373,1,0,2,0,2,575.0,222612
1206,2667,10237,0,0,2,1,3,390.0,220154
1207,2668,10237,0,0,2,1,3,440.0,220154
1208,2669,11660,0,0,2,0,3,427.0,185574
1209,2670,11631,0,0,2,1,4,632.0,215139
1210,2671,9073,0,0,2,1,3,440.0,218683
1211,2672,3087,1,0,2,0,2,437.0,218459
1212,2673,2938,1,0,2,0,2,398.0,218271
1213,2674,3072,1,0,2,0,2,388.0,218440
1214,2675,3010,0,0,2,0,2,440.0,181419
1215,2676,9171,0,0,2,1,3,433.0,218807
1216,2677,8658,0,0,2,1,3,431.0,218159
1217,2678,12104,0,0,3,1,4,617.0,295433
1218,2679,9660,1,0,2,1,3,885.0,256368
1219,2680,9545,1,0,2,1,3,768.0,256223
1220,2681,9233,1,0,2,1,4,774.0,249051
1221,2682,10019,0,0,2,1,4,725.0,213101
1222,2683,17242,1,0,3,1,4,959.0,338870
1223,2684,10236,1,0,2,1,4,803.0,250319
1224,2685,12585,1,0,2,1,3,704.0,260065
1225,2686,12447,0,0,2,1,3,760.0,222948
1226,2687,15218,1,0,2,1,2,928.0,270170
1227,2688,10936,0,0,2,0,3,510.0,184659
1228,2689,8640,0,0,2,0,2,584.0,188535
1229,2690,13162,1,0,3,1,3,792.0,340491
1230,2691,8125,0,0,2,1,3,615.0,217485
1231,2692,7733,0,0,1,1,3,0.0,137293
1232,2693,11024,0,0,2,0,3,612.0,184770
1233,2694,13072,0,0,1,1,3,0.0,144041
1234,2695,7800,0,0,2,1,3,462.0,217074
1235,2696,7632,0,0,2,1,3,449.0,216862
1236,2697,8304,0,0,2,1,3,688.0,217711
1237,2698,9370,1,0,2,1,3,462.0,256002
1238,2699,7175,1,0,2,0,2,542.0,223626
1239,2700,7175,0,0,2,0,2,484.0,186683
1240,2701,9019,0,0,2,1,3,472.0,218615
1241,2702,9100,1,0,1,0,3,624.0,139584
1242,2703,8927,0,0,2,0,4,528.0,175342
1243,2704,9240,0,0,1,0,2,576.0,109596
1244,2705,9308,0,0,1,0,3,310.0,102905
1245,2706,8450,0,0,1,0,3,294.0,101820
1246,2707,8638,1,0,1,0,2,484.0,145778
1247,2708,13052,0,0,1,1,3,308.0,144015
1248,2709,8020,0,0,1,0,3,0.0,101277
1249,2710,8789,0,0,1,0,3,288.0,102249
1250,2711,14330,1,2,2,0,3,550.0,257454
1251,2712,11025,1,0,2,1,3,888.0,258093
1252,2713,3628,0,0,1,1,1,588.0,145660
1253,2714,2544,0,0,2,1,2,480.0,217209
1254,2715,2998,0,0,2,1,2,440.0,217783
1255,2716,4447,0,0,2,1,2,496.0,219614
1256,2717,8314,0,0,2,1,3,434.0,217724
1257,2718,7180,0,0,2,0,3,564.0,179912
1258,2719,13110,1,0,2,0,2,501.0,231127
1259,2720,10140,1,0,2,0,3,477.0,220596
1260,2721,9600,1,0,1,0,3,504.0,140216
1261,2722,8640,1,0,1,1,4,530.0,168605
1262,2723,9360,1,0,1,0,2,504.0,146691
1263,2724,8400,1,0,1,0,3,326.0,138700
1264,2725,9759,1,0,1,0,3,264.0,140417
1265,2726,9600,1,0,1,0,3,568.0,140216
1266,2727,8800,1,0,2,0,3,299.0,218902
1267,2728,10368,1,0,1,1,3,430.0,177566
1268,2729,9350,0,0,1,1,4,480.0,132559
1269,2730,10800,1,0,1,0,3,286.0,141733
1270,2731,8550,1,0,1,0,2,240.0,145667
1271,2732,9724,0,0,1,0,2,273.0,110208
1272,2733,9600,1,0,1,0,3,441.0,140216
1273,2734,10858,1,0,1,0,2,240.0,148584
1274,2735,9600,1,0,1,0,3,280.0,140216
1275,2736,9462,0,0,1,1,3,234.0,139478
1276,2737,9888,0,0,1,0,2,240.0,110415
1277,2738,8917,0,0,2,0,4,506.0,175330
1278,2739,12700,1,0,1,0,3,441.0,144134
1279,2740,9723,0,0,1,0,2,430.0,110207
1280,2741,8400,0,0,1,1,3,331.0,138136
1281,2742,9610,0,0,1,1,3,488.0,139665
1282,2743,10000,1,0,1,0,3,300.0,140722
1283,2744,10152,1,0,1,0,3,353.0,140914
1284,2745,8092,1,0,1,0,3,286.0,138310
1285,2746,12778,1,0,1,0,2,280.0,151010
1286,2747,10170,0,0,1,1,2,400.0,147151
1287,2748,7700,0,0,1,0,3,684.0,100872
1288,2749,11050,0,0,1,0,2,319.0,111884
1289,2750,13600,1,0,1,1,3,300.0,181651
1290,2751,15428,1,0,1,0,2,270.0,154360
1291,2752,21299,1,0,1,1,3,791.0,191381
1292,2753,13300,1,0,1,0,2,896.0,151670
1293,2754,22136,2,0,2,1,5,1008.0,295524
1294,2755,7500,0,0,1,1,3,649.0,136998
1295,2756,10410,0,0,1,0,2,371.0,111075
1296,2757,10914,0,0,1,0,2,660.0,111712
1297,2758,7008,0,0,1,0,1,280.0,113553
1298,2759,7200,0,0,2,0,3,528.0,179937
1299,2760,10818,0,0,1,1,4,648.0,134414
1300,2761,10184,0,1,1,0,3,294.0,119793
1301,2762,9510,0,0,1,1,3,264.0,139539
1302,2763,10800,1,0,2,0,3,418.0,221430
1303,2764,11650,0,0,2,0,2,484.0,192339
1304,2765,18275,1,0,3,0,3,441.0,310574
1305,2766,12144,0,0,1,1,3,597.0,142868
1306,2767,8544,0,0,2,0,2,400.0,188413
1307,2768,8512,0,0,2,0,4,0.0,174818
1308,2769,7000,0,0,1,0,3,288.0,99988
1309,2770,7400,1,0,1,0,3,528.0,137436
1310,2771,7000,0,1,1,0,3,336.0,115769
1311,2772,7000,1,0,1,0,3,0.0,136930
1312,2773,9856,0,0,2,0,5,624.0,169739
1313,2774,9600,1,0,1,0,3,240.0,140216
1314,2775,5520,0,0,1,0,4,162.0,91339
1315,2776,9600,0,1,1,0,3,400.0,119055
1316,2777,6451,1,0,1,0,4,576.0,129459
1317,2778,3960,0,0,1,0,2,200.0,102923
1318,2779,7745,0,0,2,0,4,576.0,173848
1319,2780,7741,0,0,1,0,2,280.0,107702
1320,2781,5633,0,0,1,0,2,216.0,105037
1321,2782,7200,0,0,1,0,2,528.0,107018
1322,2783,7614,0,0,1,0,2,216.0,107541
1323,2784,6000,1,0,1,0,3,576.0,135666
1324,2785,6000,0,0,1,1,5,450.0,121548
1325,2786,7830,1,0,1,0,1,200.0,151534
1326,2787,9576,0,0,1,1,3,378.0,139622
1327,2788,5747,0,0,1,0,2,250.0,105181
1328,2789,6300,0,0,2,0,5,432.0,165245
1329,2790,5976,0,0,2,0,2,0.0,185168
1330,2791,9750,0,0,1,0,3,624.0,103463
1331,2792,4761,0,0,1,0,2,0.0,103935
1332,2793,11737,0,0,1,0,2,240.0,112752
1333,2794,6120,1,0,1,0,3,258.0,135818
1334,2795,6120,0,0,1,0,3,180.0,98875
1335,2796,11672,0,0,1,0,2,210.0,112670
1336,2797,33120,0,0,2,0,5,576.0,199141
1337,2798,10320,0,0,2,0,3,370.0,183880
1338,2799,7518,0,0,1,0,3,390.0,100642
1339,2800,9000,0,0,1,0,2,0.0,109293
1340,2801,7200,0,0,1,0,3,308.0,100240
1341,2802,12375,1,0,1,0,3,288.0,143724
1342,2803,11136,0,0,2,0,4,576.0,178134
1343,2804,21370,0,0,1,0,3,394.0,118149
1344,2805,8250,0,0,1,0,2,260.0,108345
1345,2806,5220,0,0,1,0,2,180.0,104515
1346,2807,5500,1,0,2,0,2,246.0,221509
1347,2808,11327,0,1,1,0,3,528.0,121238
1348,2809,10366,0,1,1,0,2,336.0,126801
1349,2810,9000,1,0,1,0,3,286.0,139458
1350,2811,9535,1,0,1,1,3,512.0,176513
1351,2812,7176,1,0,1,0,3,616.0,137153
1352,2813,9662,0,0,2,0,6,580.0,162716
1353,2814,8235,0,0,2,0,6,586.0,160913
1354,2815,17529,0,0,1,0,2,322.0,120072
1355,2816,20355,1,0,1,0,2,521.0,160587
1356,2817,13050,1,0,1,0,1,575.0,158132
1357,2818,10820,1,0,1,0,2,576.0,148536
1358,2819,1700,1,0,2,1,2,450.0,253085
1359,2820,9375,0,0,1,1,3,504.0,139368
1360,2821,6488,0,0,1,0,3,215.0,99340
1361,2822,19950,0,0,2,0,4,795.0,189274
1362,2823,19800,0,0,3,1,5,836.0,298382
1363,2824,11679,0,1,2,0,3,528.0,201379
1364,2825,12048,0,0,1,0,3,569.0,106367
1365,2826,10519,0,1,1,0,3,288.0,120217
1366,2827,9525,0,0,1,1,5,305.0,126003
1367,2828,12128,0,0,2,1,4,506.0,215767
1368,2829,9069,2,0,2,0,2,920.0,262962
1369,2830,11003,0,0,2,1,3,848.0,221123
1370,2831,7488,0,0,2,0,2,632.0,187079
1371,2832,13377,1,0,2,0,3,495.0,224687
1372,2833,11645,1,0,2,1,2,754.0,265654
1373,2834,10984,0,0,2,1,3,638.0,221099
1374,2835,9316,0,0,2,0,3,576.0,182611
1375,2836,9316,0,0,2,1,3,610.0,218990
1376,2837,12000,1,0,2,0,3,522.0,222946
1377,2838,13015,0,0,1,1,3,462.0,143969
1378,2839,12438,0,0,2,1,3,473.0,222936
1379,2840,8685,1,0,2,0,3,591.0,218757
1380,2841,9272,0,0,2,1,3,515.0,218935
1381,2842,13426,1,0,2,1,3,586.0,261128
1382,2843,8340,0,0,1,1,3,317.0,138060
1383,2844,10385,0,1,2,0,3,672.0,199744
1384,2845,7200,0,0,1,0,3,297.0,100240
1385,2846,9930,0,0,2,1,3,591.0,219766
1386,2847,9468,1,0,2,1,3,530.0,256125
1387,2848,11088,1,0,1,1,1,418.0,192031
1388,2849,8726,0,0,2,1,4,529.0,211467
1389,2850,10566,1,0,2,1,3,646.0,257513
1390,2851,21533,0,0,2,1,4,467.0,227653
1391,2852,11250,0,1,2,1,3,555.0,237216
1392,2853,11250,1,0,2,1,4,610.0,251600
1393,2854,4435,1,0,1,0,1,420.0,147244
1394,2855,8810,1,0,2,0,3,545.0,218915
1395,2856,8581,0,0,2,1,3,578.0,218062
1396,2857,8400,0,0,2,1,3,572.0,217833
1397,2858,8772,1,0,2,0,3,502.0,218867
1398,2859,8777,1,0,2,0,3,528.0,218873
1399,2860,7840,0,2,2,0,4,0.0,205531
1400,2861,16133,1,0,1,0,2,360.0,155251
1401,2862,7162,0,0,2,1,3,616.0,216268
1402,2863,8050,1,0,1,0,2,0.0,145035
1403,2864,11060,0,0,2,1,3,502.0,221195
1404,2865,3675,1,0,1,0,2,525.0,139506
1405,2866,2522,0,0,2,0,3,380.0,174025
1406,2867,6956,0,0,1,0,3,265.0,99932
1407,2868,7822,0,0,2,0,3,528.0,180723
1408,2869,8707,0,0,1,1,4,288.0,131746
1409,2870,16012,0,1,2,0,3,609.0,206856
1410,2871,8248,0,0,1,0,3,0.0,101565
1411,2872,8088,0,0,1,0,1,216.0,114918
1412,2873,11388,0,0,1,0,3,275.0,105533
1413,2874,10890,1,0,2,0,3,240.0,221544
1414,2875,6430,1,0,1,0,3,440.0,136210
1415,2876,7000,1,0,1,0,3,312.0,136930
1416,2877,4899,0,0,1,0,3,216.0,97332
1417,2878,9399,0,0,1,1,4,288.0,132621
1418,2879,10164,0,0,2,0,3,240.0,183683
1419,2880,6191,0,0,1,0,4,240.0,92188
1420,2881,21780,0,0,1,1,3,318.0,155046
1421,2882,12400,0,0,1,1,2,410.0,149969
1422,2883,8170,0,0,2,0,4,451.0,174386
1423,2884,12320,0,0,1,1,3,579.0,143090
1424,2885,14210,0,0,1,1,3,365.0,145479
1425,2886,15600,1,0,2,0,4,342.0,220719
1426,2887,7288,1,0,1,0,2,215.0,144072
1427,2888,7000,0,1,1,0,3,506.0,115769
1428,2889,8534,0,0,1,0,2,0.0,108704
1429,2890,7030,0,0,1,0,2,272.0,106803
1430,2891,9060,0,0,2,0,4,384.0,175510
1431,2892,12366,0,0,1,0,2,0.0,113547
1432,2893,9000,0,0,2,0,4,0.0,175435
1433,2894,8520,0,0,1,0,2,0.0,108686
1434,2895,5748,2,0,2,0,2,495.0,258765
1435,2896,3842,1,1,2,0,2,525.0,235195
1436,2897,23580,0,1,2,0,3,576.0,216421
1437,2898,8385,0,0,2,0,4,616.0,174657
1438,2899,9116,0,0,2,0,3,490.0,182359
1439,2900,11080,1,0,2,0,3,528.0,221784
1440,2901,50102,1,0,1,0,2,518.0,198183
1441,2902,8098,1,0,2,0,2,470.0,224792
1442,2903,13618,1,0,2,0,3,714.0,224991
1443,2904,11577,1,0,2,0,3,682.0,222412
1444,2905,31250,0,0,1,1,3,270.0,167015
1445,2906,7020,2,0,2,0,2,784.0,260373
1446,2907,2665,0,0,1,1,3,336.0,130888
1447,2908,10172,1,0,1,0,3,288.0,140939
1448,2909,11836,0,0,2,0,4,928.0,179019
1449,2910,1470,1,0,1,0,1,0.0,143496
1450,2911,1484,0,0,1,1,3,253.0,129395
1451,2912,13384,1,0,1,0,3,336.0,144999
1452,2913,1533,0,0,1,1,3,286.0,129457
1453,2914,1526,0,0,1,1,3,0.0,129448
1454,2915,1936,0,0,1,1,3,0.0,129966
1455,2916,1894,0,0,1,1,3,286.0,129913
1456,2917,20000,1,0,1,0,4,576.0,146583
1457,2918,10441,0,1,1,0,3,0.0,120118
1458,2919,9627,0,0,2,1,3,650.0,219384
